sequence,length,occurrences,positions
ACCCTCTCGT,10,2,"186 7464"
ACGGTATGTG,10,2,"705 5383"
AGCTGGTAAC,10,2,"3406 7093"
AGGCTACGAGTC,12,2,"8164 8260"
ATAGGGATAT,10,2,"29 748"
ATAGTTTGAT,10,2,"1184 3039"
CACGTTTAAG,10,2,"2851 3856"
CCCAAGGTTG,10,2,"4271 9639"
CCGTCCCCAG,10,2,"1303 2456"
CGGCAATGCTAT,12,2,"5685 9283"
GAAGTGAGATT,11,2,"546 2665"
GAGCTTCTGT,10,2,"6898 8358"
GCTATTCTCG,10,2,"2004 5692"
GCTGTCCGTCGTTGT,15,2,"1325 6777"
TAGTTATGCC,10,2,"6652 8051"
TATCTCCCTC,10,2,"7530 8702"
TCAGGAGCCA,10,2,"305 9497"
TCCGGGTGAA,10,2,"5180 5731"
TGACTGGCGC,10,2,"4096 6288"
TGGCAGATTG,10,2,"5391 9684"
TGGGAAACGG,10,2,"6187 8580"
TGGTGCACCA,10,2,"2767 4869"
TTGTGAAAAAT,11,2,"8212 9180"
TTTTGGTGAC,10,2,"6706 9165"
